size 	 n log n 	 log n 	 Compares	 swaps 	 hits 	 time 
10000	92103.40371976183	9.210340371976184	235289	124136	967122	1
15000	144237.0822012652	9.615805480084347	370366	194971	1520616	2
22500	225478.5882343315	10.021270588192511	582684	305991	2389332	4
33750	351902.3297501478	10.426735696300677	911366	477553	3732944	6
50625	548380.1657231975	10.83220080440884	1429212	747536	5848568	10
75937	853354.1364004498	11.237659328133187	2230205	1164274	9117506	16
113905	1326209.5889111687	11.643120046628056	3478893	1813108	14210218	24
